Workbook

Sheet Juin 2026
A1: N° | C1: Nom Client | D1: Nom | E1: Activité | F1: Tx Jour | G1: Taux Horaire | H1: Heure contrat (7 si 35h 7,5 si 37,5) | I1: Total Heures | J1: Equiv Jours | K1: HS à refacturer sur l'AS | L1: Montant 125% | M1: Méca | N1: Calcul | O1: Elec | P1: L | Q1: M | R1: M | S1: J | T1: V | U1: S | V1: D | W1: L | X1: M | Y1: M | Z1: J | AA1: V | AB1: S | AC1: D | AD1: L | AE1: M | AF1: M | AG1: J | AH1: V | AI1: S | AJ1: D | AK1: L | AL1: M | AM1: M | AN1: J | AO1: V | AP1: S | AQ1: D | AR1: L | AS1: M | AV1: Jours/heures en commande initiale | AW1: Jours/heures restant sur la commande
P2: 1 | Q2: 2 | R2: 3 | S2: 4 | T2: 5 | U2: 6 | V2: 7 | W2: 8 | X2: 9 | Y2: 10 | Z2: 11 | AA2: 12 | AB2: 13 | AC2: 14 | AD2: 15 | AE2: 16 | AF2: 17 | AG2: 18 | AH2: 19 | AI2: 20 | AJ2: 21 | AK2: 22 | AL2: 23 | AM2: 24 | AN2: 25 | AO2: 26 | AP2: 27 | AQ2: 28 | AR2: 29 | AS2: 30
P3: 23 | W3: 24 | AD3: 25 | AK3: 26 | AR3: 27
A4: PRESTATION EXTERNE en TARIF JOURNALIER
A5: CBE | E5: =IFERROR(VLOOKUP(D5,[1]Données!A:B,2,FALSE),"") | G5: =IFERROR(F5/H5,"") | I5: =SUM(P5:AT5) -> 0 | J5: =IFERROR(I5/H5,"") | L5: =IFERROR((K5*1.25)*G5,"") | M5: =IF($E5="Méca",I5*G5+L5,"") | N5: =IF($E5="Calcul",I5*G5+L5,"") | O5: =IF($E5="Elec",I5*G5+L5,"") | AW5: =AV5-J5 -> #VALUE!
A6: CBE | E6: =IFERROR(VLOOKUP(D6,[1]Données!A:B,2,FALSE),"") | G6: =IFERROR(F6/H6,"") | I6: =SUM(P6:AT6) -> 0 | J6: =IFERROR(I6/H6,"") | L6: =IFERROR((K6*1.25)*G6,"") | M6: =IF($E6="Méca",I6*G6+L6,"") | N6: =IF($E6="Calcul",I6*G6+L6,"") | O6: =IF($E6="Elec",I6*G6+L6,"") | AW6: =AV6-J6 -> #VALUE!
A7: CBE | E7: =IFERROR(VLOOKUP(D7,[1]Données!A:B,2,FALSE),"") | G7: =IFERROR(F7/H7,"") | I7: =SUM(P7:AT7) -> 0 | J7: =IFERROR(I7/H7,"") | L7: =IFERROR((K7*1.25)*G7,"") | M7: =IF($E7="Méca",I7*G7+L7,"") | N7: =IF($E7="Calcul",I7*G7+L7,"") | O7: =IF($E7="Elec",I7*G7+L7,"") | AW7: =AV7-J7 -> #VALUE!
A8: CBE | E8: =IFERROR(VLOOKUP(D8,[1]Données!A:B,2,FALSE),"") | G8: =IFERROR(F8/H8,"") | I8: =SUM(P8:AT8) -> 0 | J8: =IFERROR(I8/H8,"") | L8: =IFERROR((K8*1.25)*G8,"") | M8: =IF($E8="Méca",I8*G8+L8,"") | N8: =IF($E8="Calcul",I8*G8+L8,"") | O8: =IF($E8="Elec",I8*G8+L8,"") | AW8: =AV8-J8 -> #VALUE!
A9: CBE | E9: =IFERROR(VLOOKUP(D9,[1]Données!A:B,2,FALSE),"") | G9: =IFERROR(F9/H9,"") | I9: =SUM(P9:AT9) -> 0 | J9: =IFERROR(I9/H9,"") | L9: =IFERROR((K9*1.25)*G9,"") | M9: =IF($E9="Méca",I9*G9+L9,"") | N9: =IF($E9="Calcul",I9*G9+L9,"") | O9: =IF($E9="Elec",I9*G9+L9,"") | AW9: =AV9-J9 -> #VALUE!
A10: CBE | E10: =IFERROR(VLOOKUP(D10,[1]Données!A:B,2,FALSE),"") | G10: =IFERROR(F10/H10,"") | I10: =SUM(P10:AT10) -> 0 | J10: =IFERROR(I10/H10,"") | L10: =IFERROR((K10*1.25)*G10,"") | M10: =IF($E10="Méca",I10*G10+L10,"") | N10: =IF($E10="Calcul",I10*G10+L10,"") | O10: =IF($E10="Elec",I10*G10+L10,"") | AW10: =AV10-J10 -> #VALUE!
A11: CBE | E11: =IFERROR(VLOOKUP(D11,[1]Données!A:B,2,FALSE),"") | G11: =IFERROR(F11/H11,"") | I11: =SUM(P11:AT11) -> 0 | J11: =IFERROR(I11/H11,"") | L11: =IFERROR((K11*1.25)*G11,"") | M11: =IF($E11="Méca",I11*G11+L11,"") | N11: =IF($E11="Calcul",I11*G11+L11,"") | O11: =IF($E11="Elec",I11*G11+L11,"") | AW11: =AV11-J11 -> #VALUE!
A12: CBE | E12: =IFERROR(VLOOKUP(D12,[1]Données!A:B,2,FALSE),"") | G12: =IFERROR(F12/H12,"") | I12: =SUM(P12:AT12) -> 0 | J12: =IFERROR(I12/H12,"") | L12: =IFERROR((K12*1.25)*G12,"") | M12: =IF($E12="Méca",I12*G12+L12,"") | N12: =IF($E12="Calcul",I12*G12+L12,"") | O12: =IF($E12="Elec",I12*G12+L12,"") | AW12: =AV12-J12 -> #VALUE!
A13: CBE | E13: =IFERROR(VLOOKUP(D13,[1]Données!A:B,2,FALSE),"") | G13: =IFERROR(F13/H13,"") | I13: =SUM(P13:AT13) -> 0 | J13: =IFERROR(I13/H13,"") | L13: =IFERROR((K13*1.25)*G13,"") | M13: =IF($E13="Méca",I13*G13+L13,"") | N13: =IF($E13="Calcul",I13*G13+L13,"") | O13: =IF($E13="Elec",I13*G13+L13,"") | AW13: =AV13-J13 -> #VALUE!
A14: CBE | E14: =IFERROR(VLOOKUP(D14,[1]Données!A:B,2,FALSE),"") | I14: 0 | J14: =IFERROR(I14/H14,"") | L14: =IFERROR((K14*1.25)*G14,"") -> 0 | M14: =IF($E14="Méca",I14*G14+L14,"") | N14: =IF($E14="Calcul",I14*G14+L14,"") | O14: =IF($E14="Elec",I14*G14+L14,"") | AW14: =AV14-J14 -> #VALUE!
A15: CBE | E15: =IFERROR(VLOOKUP(D15,[1]Données!A:B,2,FALSE),"") | G15: =IFERROR(F15/H15,"") | I15: =SUM(P15:AT15) -> 0 | J15: =IFERROR(I15/H15,"") | L15: =IFERROR((K15*1.25)*G15,"") | M15: =IF($E15="Méca",I15*G15+L15,"") | N15: =IF($E15="Calcul",I15*G15+L15,"") | O15: =IF($E15="Elec",I15*G15+L15,"") | AW15: =AV15-J15 -> #VALUE!
A16: CBE | E16: =IFERROR(VLOOKUP(D16,[1]Données!A:B,2,FALSE),"") | G16: =IFERROR(F16/H16,"") | I16: =SUM(P16:AT16) -> 0 | J16: =IFERROR(I16/H16,"") | L16: =IFERROR((K16*1.25)*G16,"") | M16: =IF($E16="Méca",I16*G16+L16,"") | N16: =IF($E16="Calcul",I16*G16+L16,"") | O16: =IF($E16="Elec",I16*G16+L16,"") | AW16: =AV16-J16 -> #VALUE!
A17: CBE | E17: =IFERROR(VLOOKUP(D17,[1]Données!A:B,2,FALSE),"") | G17: =IFERROR(F17/H17,"") | I17: =SUM(P17:AT17) -> 0 | J17: =IFERROR(I17/H17,"") | L17: =IFERROR((K17*1.25)*G17,"") | M17: =IF($E17="Méca",I17*G17+L17,"") | N17: =IF($E17="Calcul",I17*G17+L17,"") | O17: =IF($E17="Elec",I17*G17+L17,"") | AW17: =AV17-J17 -> #VALUE!
A18: CBE | E18: =IFERROR(VLOOKUP(D18,[1]Données!A:B,2,FALSE),"") | G18: =IFERROR(F18/H18,"") | I18: =SUM(P18:AT18) -> 0 | J18: =IFERROR(I18/H18,"") | L18: =IFERROR((K18*1.25)*G18,"") | M18: =IF($E18="Méca",I18*G18+L18,"") | N18: =IF($E18="Calcul",I18*G18+L18,"") | O18: =IF($E18="Elec",I18*G18+L18,"") | AW18: =AV18-J18 -> #VALUE!
A19: CBE | E19: =IFERROR(VLOOKUP(D19,[1]Données!A:B,2,FALSE),"") | G19: =IFERROR(F19/H19,"") | I19: =SUM(P19:AT19) -> 0 | J19: =IFERROR(I19/H19,"") | L19: =IFERROR((K19*1.25)*G19,"") | M19: =IF($E19="Méca",I19*G19+L19,"") | N19: =IF($E19="Calcul",I19*G19+L19,"") | O19: =IF($E19="Elec",I19*G19+L19,"") | AW19: =AV19-J19 -> #VALUE!
A20: CBE | E20: =IFERROR(VLOOKUP(D20,[1]Données!A:B,2,FALSE),"") | G20: =IFERROR(F20/H20,"") | I20: =SUM(P20:AT20) -> 0 | J20: =IFERROR(I20/H20,"") | L20: =IFERROR((K20*1.25)*G20,"") | M20: =IF($E20="Méca",I20*G20+L20,"") | N20: =IF($E20="Calcul",I20*G20+L20,"") | O20: =IF($E20="Elec",I20*G20+L20,"") | AW20: =AV20-J20 -> #VALUE!
A21: CBE | E21: =IFERROR(VLOOKUP(D21,[1]Données!A:B,2,FALSE),"") | G21: =IFERROR(F21/H21,"") | I21: =SUM(P21:AT21) -> 0 | J21: =IFERROR(I21/H21,"") | L21: =IFERROR((K21*1.25)*G21,"") | M21: =IF($E21="Méca",I21*G21+L21,"") | N21: =IF($E21="Calcul",I21*G21+L21,"") | O21: =IF($E21="Elec",I21*G21+L21,"") | AW21: =AV21-J21 -> #VALUE!
A22: PRESTATION EXTERNE en TARIF HORAIRE
A23: CBE | E23: =IFERROR(VLOOKUP(D23,[1]Données!A:B,2,FALSE),"") | F23: =G23*H23 -> 0 | I23: =SUM(P23:AT23) -> 0 | J23: =IFERROR(I23/H23,"") | L23: =IFERROR((K23*1.25)*G23,"") -> 0 | M23: =IF($E23="Méca",I23*G23+L23,"") | N23: =IF($E23="Calcul",I23*G23+L23,"") | O23: =IF($E23="Elec",I23*G23+L23,"") | AW23: =AV23-I23 -> 0
A24: CBE | E24: =IFERROR(VLOOKUP(D24,[1]Données!A:B,2,FALSE),"") | F24: =G24*H24 -> 0 | I24: =SUM(P24:AT24) -> 0 | J24: =IFERROR(I24/H24,"") | L24: =IFERROR((K24*1.25)*G24,"") -> 0 | M24: =IF($E24="Méca",I24*G24+L24,"") | N24: =IF($E24="Calcul",I24*G24+L24,"") | O24: =IF($E24="Elec",I24*G24+L24,"") | AW24: =AV24-I24 -> 0
A25: CBE | E25: =IFERROR(VLOOKUP(D25,[1]Données!A:B,2,FALSE),"") | F25: =G25*H25 -> 0 | I25: =SUM(P25:AT25) -> 0 | J25: =IFERROR(I25/H25,"") | L25: =IFERROR((K25*1.25)*G25,"") -> 0 | M25: =IF($E25="Méca",I25*G25+L25,"") | N25: =IF($E25="Calcul",I25*G25+L25,"") | O25: =IF($E25="Elec",I25*G25+L25,"") | AW25: =AV25-I25 -> 0
A26: CBE | E26: =IFERROR(VLOOKUP(D26,[1]Données!A:B,2,FALSE),"") | F26: =G26*H26 -> 0 | I26: =SUM(P26:AT26) -> 0 | J26: =IFERROR(I26/H26,"") | L26: =IFERROR((K26*1.25)*G26,"") -> 0 | M26: =IF($E26="Méca",I26*G26+L26,"") | N26: =IF($E26="Calcul",I26*G26+L26,"") | O26: =IF($E26="Elec",I26*G26+L26,"") | AW26: =AV26-I26 -> 0
A27: CBE | E27: =IFERROR(VLOOKUP(D27,[1]Données!A:B,2,FALSE),"") | F27: =G27*H27 -> 0 | I27: =SUM(P27:AT27) -> 0 | J27: =IFERROR(I27/H27,"") | L27: =IFERROR((K27*1.25)*G27,"") -> 0 | M27: =IF($E27="Méca",I27*G27+L27,"") | N27: =IF($E27="Calcul",I27*G27+L27,"") | O27: =IF($E27="Elec",I27*G27+L27,"") | AW27: =AV27-I27 -> 0
A28: CBE | E28: =IFERROR(VLOOKUP(D28,[1]Données!A:B,2,FALSE),"") | F28: =G28*H28 -> 0 | I28: =SUM(P28:AT28) -> 0 | J28: =IFERROR(I28/H28,"") | L28: =IFERROR((K28*1.25)*G28,"") -> 0 | M28: =IF($E28="Méca",I28*G28+L28,"") | N28: =IF($E28="Calcul",I28*G28+L28,"") | O28: =IF($E28="Elec",I28*G28+L28,"") | AW28: =AV28-I28 -> 0
A29: CBE | E29: =IFERROR(VLOOKUP(D29,[1]Données!A:B,2,FALSE),"") | F29: =G29*H29 -> 0 | I29: =SUM(P29:AT29) -> 0 | J29: =IFERROR(I29/H29,"") | L29: =IFERROR((K29*1.25)*G29,"") -> 0 | M29: =IF($E29="Méca",I29*G29+L29,"") | N29: =IF($E29="Calcul",I29*G29+L29,"") | O29: =IF($E29="Elec",I29*G29+L29,"") | AW29: =AV29-I29 -> 0
A30: CBE | E30: =IFERROR(VLOOKUP(D30,[1]Données!A:B,2,FALSE),"") | F30: =G30*H30 -> 0 | I30: =SUM(P30:AT30) -> 0 | J30: =IFERROR(I30/H30,"") | L30: =IFERROR((K30*1.25)*G30,"") -> 0 | M30: =IF($E30="Méca",I30*G30+L30,"") | N30: =IF($E30="Calcul",I30*G30+L30,"") | O30: =IF($E30="Elec",I30*G30+L30,"") | AW30: =AV30-I30 -> 0
A31: CBE | E31: =IFERROR(VLOOKUP(D31,[1]Données!A:B,2,FALSE),"") | F31: =G31*H31 -> 0 | I31: =SUM(P31:AT31) -> 0 | J31: =IFERROR(I31/H31,"") | L31: =IFERROR((K31*1.25)*G31,"") -> 0 | M31: =IF($E31="Méca",I31*G31+L31,"") | N31: =IF($E31="Calcul",I31*G31+L31,"") | O31: =IF($E31="Elec",I31*G31+L31,"") | AW31: =AV31-I31 -> 0
A32: CBE | E32: =IFERROR(VLOOKUP(D32,[1]Données!A:B,2,FALSE),"") | F32: =G32*H32 -> 0 | I32: =SUM(P32:AT32) -> 0 | L32: =IFERROR((K32*1.25)*G32,"") -> 0 | M32: =IF($E32="Méca",I32*G32+L32,"") | N32: =IF($E32="Calcul",I32*G32+L32,"") | O32: =IF($E32="Elec",I32*G32+L32,"") | AW32: =AV32-I32 -> 0
A33: CBE | E33: =IFERROR(VLOOKUP(D33,[1]Données!A:B,2,FALSE),"") | F33: =G33*H33 -> 0 | I33: =SUM(P33:AT33) -> 0 | L33: =IFERROR((K33*1.25)*G33,"") -> 0 | M33: =IF($E33="Méca",I33*G33+L33,"") | N33: =IF($E33="Calcul",I33*G33+L33,"") | O33: =IF($E33="Elec",I33*G33+L33,"") | AW33: =AV33-I33 -> 0
A34: CBE | E34: =IFERROR(VLOOKUP(D34,[1]Données!A:B,2,FALSE),"") | F34: =G34*H34 -> 0 | I34: =SUM(P34:AT34) -> 0 | L34: =IFERROR((K34*1.25)*G34,"") -> 0 | M34: =IF($E34="Méca",I34*G34+L34,"") | N34: =IF($E34="Calcul",I34*G34+L34,"") | O34: =IF($E34="Elec",I34*G34+L34,"") | AW34: =AV34-I34 -> 0
A35: CBE | E35: =IFERROR(VLOOKUP(D35,[1]Données!A:B,2,FALSE),"") | F35: =G35*H35 -> 0 | I35: =SUM(P35:AT35) -> 0 | L35: =IFERROR((K35*1.25)*G35,"") -> 0 | M35: =IF($E35="Méca",I35*G35+L35,"") | N35: =IF($E35="Calcul",I35*G35+L35,"") | O35: =IF($E35="Elec",I35*G35+L35,"") | AW35: =AV35-I35 -> 0
A36: CBE | E36: =IFERROR(VLOOKUP(D36,[1]Données!A:B,2,FALSE),"") | F36: =G36*H36 -> 0 | I36: =SUM(P36:AT36) -> 0 | L36: =IFERROR((K36*1.25)*G36,"") -> 0 | M36: =IF($E36="Méca",I36*G36+L36,"") | N36: =IF($E36="Calcul",I36*G36+L36,"") | O36: =IF($E36="Elec",I36*G36+L36,"") | AW36: =AV36-I36 -> 0
A37: CBE | E37: =IFERROR(VLOOKUP(D37,[1]Données!A:B,2,FALSE),"") | F37: =G37*H37 -> 0 | I37: =SUM(P37:AT37) -> 0 | L37: =IFERROR((K37*1.25)*G37,"") -> 0 | M37: =IF($E37="Méca",I37*G37+L37,"") | N37: =IF($E37="Calcul",I37*G37+L37,"") | O37: =IF($E37="Elec",I37*G37+L37,"") | AW37: =AV37-I37 -> 0
A38: CAS | E38: =IFERROR(VLOOKUP(D38,[1]Données!A:B,2,FALSE),"") | F38: =G38*H38 -> 0 | I38: =SUM(P38:AT38) -> 0 | L38: =IFERROR((K38*1.25)*#REF!,"") | M38: =IF($E38="Méca",I38*G38+L38,"") | N38: =IF($E38="Calcul",I38*G38+L38,"") | O38: =IF($E38="Elec",I38*G38+L38,"")
A39: CAS | E39: =IFERROR(VLOOKUP(D39,[1]Données!A:B,2,FALSE),"") | F39: =G39*H39 -> 0 | I39: =SUM(P39:AT39) -> 0 | L39: =IFERROR((K39*1.25)*#REF!,"") | M39: =IF($E39="Méca",I39*G39+L39,"") | N39: =IF($E39="Calcul",I39*G39+L39,"") | O39: =IF($E39="Elec",I39*G39+L39,"")
A40: CAS | E40: =IFERROR(VLOOKUP(D40,[1]Données!A:B,2,FALSE),"") | F40: =G40*H40 -> 0 | I40: =SUM(P40:AT40) -> 0 | L40: =IFERROR((K40*1.25)*#REF!,"") | M40: =IF($E40="Méca",I40*G40+L40,"") | N40: =IF($E40="Calcul",I40*G40+L40,"") | O40: =IF($E40="Elec",I40*G40+L40,"")
A41: CAS | E41: =IFERROR(VLOOKUP(D41,[1]Données!A:B,2,FALSE),"") | F41: =G41*H41 -> 0 | I41: =SUM(P41:AT41) -> 0 | L41: =IFERROR((K41*1.25)*#REF!,"") | M41: =IF($E41="Méca",I41*G41+L41,"") | N41: =IF($E41="Calcul",I41*G41+L41,"") | O41: =IF($E41="Elec",I41*G41+L41,"")
A42: CAS | E42: =IFERROR(VLOOKUP(D42,[1]Données!A:B,2,FALSE),"") | F42: =G42*H42 -> 0 | I42: =SUM(P42:AT42) -> 0 | L42: =IFERROR((K42*1.25)*#REF!,"") | M42: =IF($E42="Méca",I42*G42+L42,"") | N42: =IF($E42="Calcul",I42*G42+L42,"") | O42: =IF($E42="Elec",I42*G42+L42,"")
A43: CAS | E43: =IFERROR(VLOOKUP(D43,[1]Données!A:B,2,FALSE),"") | F43: =G43*H43 -> 0 | I43: =SUM(P43:AT43) -> 0 | L43: =IFERROR((K43*1.25)*#REF!,"") | M43: =IF($E43="Méca",I43*G43+L43,"") | N43: =IF($E43="Calcul",I43*G43+L43,"") | O43: =IF($E43="Elec",I43*G43+L43,"")
A44: CAS | E44: =IFERROR(VLOOKUP(D44,[1]Données!A:B,2,FALSE),"") | F44: =G44*H44 -> 0 | I44: =SUM(P44:AT44) -> 0 | L44: =IFERROR((K44*1.25)*#REF!,"") | M44: =IF($E44="Méca",I44*G44+L44,"") | N44: =IF($E44="Calcul",I44*G44+L44,"") | O44: =IF($E44="Elec",I44*G44+L44,"")
A45: CAS | E45: =IFERROR(VLOOKUP(D45,[1]Données!A:B,2,FALSE),"") | F45: =G45*H45 -> 0 | I45: =SUM(P45:AT45) -> 0 | L45: =IFERROR((K45*1.25)*#REF!,"") | M45: =IF($E45="Méca",I45*G45+L45,"") | N45: =IF($E45="Calcul",I45*G45+L45,"") | O45: =IF($E45="Elec",I45*G45+L45,"")
A46: CAS | E46: =IFERROR(VLOOKUP(D46,[1]Données!A:B,2,FALSE),"") | F46: =G46*H46 -> 0 | I46: =SUM(P46:AT46) -> 0 | L46: =IFERROR((K46*1.25)*#REF!,"") | M46: =IF($E46="Méca",I46*G46+L46,"") | N46: =IF($E46="Calcul",I46*G46+L46,"") | O46: =IF($E46="Elec",I46*G46+L46,"")
A47: CAS | E47: =IFERROR(VLOOKUP(D47,[1]Données!A:B,2,FALSE),"") | F47: =G47*H47 -> 0 | I47: =SUM(P47:AT47) -> 0 | L47: =IFERROR((K47*1.25)*#REF!,"") | M47: =IF($E47="Méca",I47*G47+L47,"") | N47: =IF($E47="Calcul",I47*G47+L47,"") | O47: =IF($E47="Elec",I47*G47+L47,"")
A48: CAS | E48: =IFERROR(VLOOKUP(D48,[1]Données!A:B,2,FALSE),"") | F48: =G48*H48 -> 0 | I48: =SUM(P48:AT48) -> 0 | L48: =IFERROR((K48*1.25)*#REF!,"") | M48: =IF($E48="Méca",I48*G48+L48,"") | N48: =IF($E48="Calcul",I48*G48+L48,"") | O48: =IF($E48="Elec",I48*G48+L48,"")
A49: CAS | E49: =IFERROR(VLOOKUP(D49,[1]Données!A:B,2,FALSE),"") | F49: =G49*H49 -> 0 | I49: =SUM(P49:AT49) -> 0 | L49: =IFERROR((K49*1.25)*#REF!,"") | M49: =IF($E49="Méca",I49*G49+L49,"") | N49: =IF($E49="Calcul",I49*G49+L49,"") | O49: =IF($E49="Elec",I49*G49+L49,"")
... A75: CAS | E75: =IFERROR(VLOOKUP(D75,[1]Données!A:B,2,FALSE),"") | F75: =G75*H75 -> 0 | I75: =SUM(P75:AT75) -> 0 | L75: =IFERROR((K75*1.25)*#REF!,"") | M75: =IF($E75="Méca",I75*G75+L75,"") | N75: =IF($E75="Calcul",I75*G75+L75,"") | O75: =IF($E75="Elec",I75*G75+L75,"")
I76: =SUM(I23:I37)+SUM(I5:I21) -> 0 | M76: =SUM(M5:M75) -> 0 | N76: =SUM(N5:N75) -> 0 | O76: =SUM(O5:O75) -> 0
K77: =(M76+N76+O76)/I76 -> #DIV/0!
A79: PRESTATION INTERNE AU BE
A82: TARIF JOURNALIER
A83: CBE | E83: =IFERROR(VLOOKUP(D83,[1]Données!A:B,2,FALSE),"") | G83: =IFERROR(F83/H83,"") | I83: =SUM(P83:AT83) -> 0 | J83: =IFERROR(I83/H83,"") | L83: =IFERROR((K83*1.25)*G83,"") | M83: =IF($E83="Méca",I83*G83+L83,"") | N83: =IF($E83="Calcul",I83*G83+L83,"") | O83: =IF($E83="Elec",I83*G83+L83,"") | AW83: =AV83-J83 -> #VALUE!
A84: CBE | E84: =IFERROR(VLOOKUP(D84,[1]Données!A:B,2,FALSE),"") | G84: =IFERROR(F84/H84,"") | I84: =SUM(P84:AT84) -> 0 | J84: =IFERROR(I84/H84,"") | L84: =IFERROR((K84*1.25)*G84,"") | M84: =IF($E84="Méca",I84*G84+L84,"") | N84: =IF($E84="Calcul",I84*G84+L84,"") | O84: =IF($E84="Elec",I84*G84+L84,"") | AW84: =AV84-J84 -> #VALUE!
A85: CBE | E85: =IFERROR(VLOOKUP(D85,[1]Données!A:B,2,FALSE),"") | G85: =IFERROR(F85/H85,"") | I85: =SUM(P85:AT85) -> 0 | J85: =IFERROR(I85/H85,"") | L85: =IFERROR((K85*1.25)*G85,"") | M85: =IF($E85="Méca",I85*G85+L85,"") | N85: =IF($E85="Calcul",I85*G85+L85,"") | O85: =IF($E85="Elec",I85*G85+L85,"") | AW85: =AV85-J85 -> #VALUE!
A86: CBE | E86: =IFERROR(VLOOKUP(D86,[1]Données!A:B,2,FALSE),"") | G86: =IFERROR(F86/H86,"") | I86: =SUM(P86:AT86) -> 0 | J86: =IFERROR(I86/H86,"") | L86: =IFERROR((K86*1.25)*G86,"") | M86: =IF($E86="Méca",I86*G86+L86,"") | N86: =IF($E86="Calcul",I86*G86+L86,"") | O86: =IF($E86="Elec",I86*G86+L86,"") | AW86: =AV86-J86 -> #VALUE!
A87: CBE | E87: =IFERROR(VLOOKUP(D87,[1]Données!A:B,2,FALSE),"") | G87: =IFERROR(F87/H87,"") | I87: =SUM(P87:AT87) -> 0 | J87: =IFERROR(I87/H87,"") | L87: =IFERROR((K87*1.25)*G87,"") | M87: =IF($E87="Méca",I87*G87+L87,"") | N87: =IF($E87="Calcul",I87*G87+L87,"") | O87: =IF($E87="Elec",I87*G87+L87,"") | AW87: =AV87-J87 -> #VALUE!
A88: CBE | E88: =IFERROR(VLOOKUP(D88,[1]Données!A:B,2,FALSE),"") | G88: =IFERROR(F88/H88,"") | I88: =SUM(P88:AT88) -> 0 | J88: =IFERROR(I88/H88,"") | L88: =IFERROR((K88*1.25)*G88,"") | M88: =IF($E88="Méca",I88*G88+L88,"") | N88: =IF($E88="Calcul",I88*G88+L88,"") | O88: =IF($E88="Elec",I88*G88+L88,"") | AW88: =AV88-J88 -> #VALUE!
A89: CBE | E89: =IFERROR(VLOOKUP(D89,[1]Données!A:B,2,FALSE),"") | G89: =IFERROR(F89/H89,"") | I89: =SUM(P89:AT89) -> 0 | J89: =IFERROR(I89/H89,"") | L89: =IFERROR((K89*1.25)*G89,"") | M89: =IF($E89="Méca",I89*G89+L89,"") | N89: =IF($E89="Calcul",I89*G89+L89,"") | O89: =IF($E89="Elec",I89*G89+L89,"") | AW89: =AV89-J89 -> #VALUE!
A90: CBE | E90: =IFERROR(VLOOKUP(D90,[1]Données!A:B,2,FALSE),"") | G90: =IFERROR(F90/H90,"") | I90: =SUM(P90:AT90) -> 0 | J90: =IFERROR(I90/H90,"") | L90: =IFERROR((K90*1.25)*G90,"") | M90: =IF($E90="Méca",I90*G90+L90,"") | N90: =IF($E90="Calcul",I90*G90+L90,"") | O90: =IF($E90="Elec",I90*G90+L90,"") | AW90: =AV90-J90 -> #VALUE!
A91: CBE | E91: =IFERROR(VLOOKUP(D91,[1]Données!A:B,2,FALSE),"") | G91: =IFERROR(F91/H91,"") | I91: =SUM(P91:AT91) -> 0 | J91: =IFERROR(I91/H91,"") | L91: =IFERROR((K91*1.25)*G91,"") | M91: =IF($E91="Méca",I91*G91+L91,"") | N91: =IF($E91="Calcul",I91*G91+L91,"") | O91: =IF($E91="Elec",I91*G91+L91,"") | AW91: =AV91-J91 -> #VALUE!
A92: CBE | E92: =IFERROR(VLOOKUP(D92,[1]Données!A:B,2,FALSE),"") | G92: =IFERROR(F92/H92,"") | I92: =SUM(P92:AT92) -> 0 | J92: =IFERROR(I92/H92,"") | L92: =IFERROR((K92*1.25)*G92,"") | M92: =IF($E92="Méca",I92*G92+L92,"") | N92: =IF($E92="Calcul",I92*G92+L92,"") | O92: =IF($E92="Elec",I92*G92+L92,"") | AW92: =AV92-J92 -> #VALUE!
A93: CBE | E93: =IFERROR(VLOOKUP(D93,[1]Données!A:B,2,FALSE),"") | G93: =IFERROR(F93/H93,"") | I93: =SUM(P93:AT93) -> 0 | J93: =IFERROR(I93/H93,"") | L93: =IFERROR((K93*1.25)*G93,"") | M93: =IF($E93="Méca",I93*G93+L93,"") | N93: =IF($E93="Calcul",I93*G93+L93,"") | O93: =IF($E93="Elec",I93*G93+L93,"") | AW93: =AV93-J93 -> #VALUE!
A94: TARIF HORAIRE
A95: CBE | I95: =SUM(P95:AT95) -> 0 | J95: =IFERROR(I95/H95,"") | L95: =IFERROR((K95*1.25)*G95,"") -> 0 | M95: =IF($E95="Méca",I95*G95+L95,"") | N95: =IF($E95="Calcul",I95*G95+L95,"") | O95: =IF($E95="Elec",I95*G95+L95,"") | AW95: =AV95-I95 -> 0
A96: CBE | I96: =SUM(P96:AT96) -> 0 | J96: =IFERROR(I96/H96,"") | L96: =IFERROR((K96*1.25)*G96,"") -> 0 | M96: =IF($E96="Méca",I96*G96+L96,"") | N96: =IF($E96="Calcul",I96*G96+L96,"") | O96: =IF($E96="Elec",I96*G96+L96,"") | AW96: =AV96-I96 -> 0
A97: CBE | I97: =SUM(P97:AT97) -> 0 | J97: =IFERROR(I97/H97,"") | L97: =IFERROR((K97*1.25)*G97,"") -> 0 | M97: =IF($E97="Méca",I97*G97+L97,"") | N97: =IF($E97="Calcul",I97*G97+L97,"") | O97: =IF($E97="Elec",I97*G97+L97,"") | AW97: =AV97-I97 -> 0
A98: CBE | I98: =SUM(P98:AT98) -> 0 | J98: =IFERROR(I98/H98,"") | L98: =IFERROR((K98*1.25)*G98,"") -> 0 | M98: =IF($E98="Méca",I98*G98+L98,"") | N98: =IF($E98="Calcul",I98*G98+L98,"") | O98: =IF($E98="Elec",I98*G98+L98,"") | AW98: =AV98-I98 -> 0
A99: CBE | I99: =SUM(P99:AT99) -> 0 | J99: =IFERROR(I99/H99,"") | L99: =IFERROR((K99*1.25)*G99,"") -> 0 | M99: =IF($E99="Méca",I99*G99+L99,"") | N99: =IF($E99="Calcul",I99*G99+L99,"") | O99: =IF($E99="Elec",I99*G99+L99,"") | AW99: =AV99-I99 -> 0
A100: CBE | I100: =SUM(P100:AT100) -> 0 | J100: =IFERROR(I100/H100,"") | L100: =IFERROR((K100*1.25)*G100,"") -> 0 | M100: =IF($E100="Méca",I100*G100+L100,"") | N100: =IF($E100="Calcul",I100*G100+L100,"") | O100: =IF($E100="Elec",I100*G100+L100,"") | AW100: =AV100-I100 -> 0
A101: CBE | I101: =SUM(P101:AT101) -> 0 | J101: =IFERROR(I101/H101,"") | L101: =IFERROR((K101*1.25)*G101,"") -> 0 | M101: =IF($E101="Méca",I101*G101+L101,"") | N101: =IF($E101="Calcul",I101*G101+L101,"") | O101: =IF($E101="Elec",I101*G101+L101,"") | AW101: =AV101-I101 -> 0
A102: CBE | I102: =SUM(P102:AT102) -> 0 | J102: =IFERROR(I102/H102,"") | L102: =IFERROR((K102*1.25)*G102,"") -> 0 | M102: =IF($E102="Méca",I102*G102+L102,"") | N102: =IF($E102="Calcul",I102*G102+L102,"") | O102: =IF($E102="Elec",I102*G102+L102,"") | AW102: =AV102-I102 -> 0
A103: CBE | I103: =SUM(P103:AT103) -> 0 | J103: =IFERROR(I103/H103,"") | L103: =IFERROR((K103*1.25)*G103,"") -> 0 | M103: =IF($E103="Méca",I103*G103+L103,"") | N103: =IF($E103="Calcul",I103*G103+L103,"") | O103: =IF($E103="Elec",I103*G103+L103,"") | AW103: =AV103-I103 -> 0
A104: CBE | I104: =SUM(P104:AT104) -> 0 | J104: =IFERROR(I104/H104,"") | L104: =IFERROR((K104*1.25)*G104,"") -> 0 | M104: =IF($E104="Méca",I104*G104+L104,"") | N104: =IF($E104="Calcul",I104*G104+L104,"") | O104: =IF($E104="Elec",I104*G104+L104,"") | AW104: =AV104-I104 -> 0
A105: CBE | I105: =SUM(P105:AT105) -> 0 | J105: =IFERROR(I105/H105,"") | L105: =IFERROR((K105*1.25)*G105,"") -> 0 | M105: =IF($E105="Méca",I105*G105+L105,"") | N105: =IF($E105="Calcul",I105*G105+L105,"") | O105: =IF($E105="Elec",I105*G105+L105,"") | AW105: =AV105-I105 -> 0
I106: =SUM(I83:I93)+SUM(I95:I105) -> 0 | M106: =SUM(M83:M105) -> 0 | N106: =SUM(N83:N105) -> 0 | O106: =SUM(O83:O105) -> 0
K107: =(M106+N106+O106)/I106 -> #DIV/0!
A109: PRESTATION EN INTERGROUPE
A112: TARIF JOURNALIER
A113: CBE | E113: =IFERROR(VLOOKUP(D113,[1]Données!A:B,2,FALSE),"") | G113: =IFERROR(F113/H113,"") | I113: =SUM(P113:AT113) -> 0 | J113: =IFERROR(I113/H113,"") | L113: =IFERROR((K113*1.25)*G113,"") | M113: =IF($E113="Méca",I113*G113+L113,"") | N113: =IF($E113="Calcul",I113*G113+L113,"") | O113: =IF($E113="Elec",I113*G113+L113,"") | AV113: 0 | AW113: =AV113-J113 -> #VALUE!
A114: CBE | E114: =IFERROR(VLOOKUP(D114,[1]Données!A:B,2,FALSE),"") | G114: =IFERROR(F114/H114,"") | I114: =SUM(P114:AT114) -> 0 | J114: =IFERROR(I114/H114,"") | L114: =IFERROR((K114*1.25)*G114,"") | M114: =IF($E114="Méca",I114*G114+L114,"") | N114: =IF($E114="Calcul",I114*G114+L114,"") | O114: =IF($E114="Elec",I114*G114+L114,"") | AV114: 0 | AW114: =AV114-J114 -> #VALUE!
A115: CBE | E115: =IFERROR(VLOOKUP(D115,[1]Données!A:B,2,FALSE),"") | G115: =IFERROR(F115/H115,"") | I115: =SUM(P115:AT115) -> 0 | J115: =IFERROR(I115/H115,"") | L115: =IFERROR((K115*1.25)*G115,"") | M115: =IF($E115="Méca",I115*G115+L115,"") | N115: =IF($E115="Calcul",I115*G115+L115,"") | O115: =IF($E115="Elec",I115*G115+L115,"") | AV115: 0 | AW115: =AV115-J115 -> #VALUE!
A116: CBE | E116: =IFERROR(VLOOKUP(D116,[1]Données!A:B,2,FALSE),"") | G116: =IFERROR(F116/H116,"") | I116: =SUM(P116:AT116) -> 0 | J116: =IFERROR(I116/H116,"") | L116: =IFERROR((K116*1.25)*G116,"") | M116: =IF($E116="Méca",I116*G116+L116,"") | N116: =IF($E116="Calcul",I116*G116+L116,"") | O116: =IF($E116="Elec",I116*G116+L116,"") | AV116: 0 | AW116: =AV116-J116 -> #VALUE!
A117: CBE | E117: =IFERROR(VLOOKUP(D117,[1]Données!A:B,2,FALSE),"") | G117: =IFERROR(F117/H117,"") | I117: =SUM(P117:AT117) -> 0 | J117: =IFERROR(I117/H117,"") | L117: =IFERROR((K117*1.25)*G117,"") | M117: =IF($E117="Méca",I117*G117+L117,"") | N117: =IF($E117="Calcul",I117*G117+L117,"") | O117: =IF($E117="Elec",I117*G117+L117,"") | AV117: 0 | AW117: =AV117-J117 -> #VALUE!
A118: CBE | E118: =IFERROR(VLOOKUP(D118,[1]Données!A:B,2,FALSE),"") | G118: =IFERROR(F118/H118,"") | I118: =SUM(P118:AT118) -> 0 | J118: =IFERROR(I118/H118,"") | L118: =IFERROR((K118*1.25)*G118,"") | M118: =IF($E118="Méca",I118*G118+L118,"") | N118: =IF($E118="Calcul",I118*G118+L118,"") | O118: =IF($E118="Elec",I118*G118+L118,"") | AV118: 0 | AW118: =AV118-J118 -> #VALUE!
A119: CBE | E119: =IFERROR(VLOOKUP(D119,[1]Données!A:B,2,FALSE),"") | G119: =IFERROR(F119/H119,"") | I119: =SUM(P119:AT119) -> 0 | J119: =IFERROR(I119/H119,"") | L119: =IFERROR((K119*1.25)*G119,"") | M119: =IF($E119="Méca",I119*G119+L119,"") | N119: =IF($E119="Calcul",I119*G119+L119,"") | O119: =IF($E119="Elec",I119*G119+L119,"") | AV119: 0 | AW119: =AV119-J119 -> #VALUE!
A120: CBE | E120: =IFERROR(VLOOKUP(D120,[1]Données!A:B,2,FALSE),"") | G120: =IFERROR(F120/H120,"") | I120: =SUM(P120:AT120) -> 0 | J120: =IFERROR(I120/H120,"") | L120: =IFERROR((K120*1.25)*G120,"") | M120: =IF($E120="Méca",I120*G120+L120,"") | N120: =IF($E120="Calcul",I120*G120+L120,"") | O120: =IF($E120="Elec",I120*G120+L120,"") | AV120: 0 | AW120: =AV120-J120 -> #VALUE!
A121: CBE | E121: =IFERROR(VLOOKUP(D121,[1]Données!A:B,2,FALSE),"") | G121: =IFERROR(F121/H121,"") | I121: =SUM(P121:AT121) -> 0 | J121: =IFERROR(I121/H121,"") | L121: =IFERROR((K121*1.25)*G121,"") | M121: =IF($E121="Méca",I121*G121+L121,"") | N121: =IF($E121="Calcul",I121*G121+L121,"") | O121: =IF($E121="Elec",I121*G121+L121,"") | AV121: 0 | AW121: =AV121-J121 -> #VALUE!
A122: CBE | E122: =IFERROR(VLOOKUP(D122,[1]Données!A:B,2,FALSE),"") | G122: =IFERROR(F122/H122,"") | I122: =SUM(P122:AT122) -> 0 | J122: =IFERROR(I122/H122,"") | L122: =IFERROR((K122*1.25)*G122,"") | M122: =IF($E122="Méca",I122*G122+L122,"") | N122: =IF($E122="Calcul",I122*G122+L122,"") | O122: =IF($E122="Elec",I122*G122+L122,"") | AV122: 0 | AW122: =AV122-J122 -> #VALUE!
A123: CBE | E123: =IFERROR(VLOOKUP(D123,[1]Données!A:B,2,FALSE),"") | G123: =IFERROR(F123/H123,"") | I123: =SUM(P123:AT123) -> 0 | J123: =IFERROR(I123/H123,"") | L123: =IFERROR((K123*1.25)*G123,"") | M123: =IF($E123="Méca",I123*G123+L123,"") | N123: =IF($E123="Calcul",I123*G123+L123,"") | O123: =IF($E123="Elec",I123*G123+L123,"") | AV123: 0 | AW123: =AV123-J123 -> #VALUE!
A124: TARIF HORAIRE
A125: CBE | E125: =IFERROR(VLOOKUP(D125,[1]Données!A:B,2,FALSE),"") | F125: 0 | I125: =SUM(P125:AT125) -> 0 | J125: =IFERROR(I125/H125,"") | L125: =IFERROR((K125*1.25)*G125,"") -> 0 | M125: =IF($E125="Méca",I125*G125+L125,"") | N125: =IF($E125="Calcul",I125*G125+L125,"") | O125: =IF($E125="Elec",I125*G125+L125,"") | AV125: 0 | AW125: =AV125-I125 -> 0
A126: CBE | E126: =IFERROR(VLOOKUP(D126,[1]Données!A:B,2,FALSE),"") | F126: =G126*H126 -> 0 | I126: =SUM(P126:AT126) -> 0 | J126: =IFERROR(I126/H126,"") | L126: =IFERROR((K126*1.25)*G126,"") -> 0 | M126: =IF($E126="Méca",I126*G126+L126,"") | N126: =IF($E126="Calcul",I126*G126+L126,"") | O126: =IF($E126="Elec",I126*G126+L126,"") | AV126: 0 | AW126: =AV126-I126 -> 0
A127: CBE | E127: =IFERROR(VLOOKUP(D127,[1]Données!A:B,2,FALSE),"") | F127: =G127*H127 -> 0 | I127: =SUM(P127:AT127) -> 0 | J127: =IFERROR(I127/H127,"") | L127: =IFERROR((K127*1.25)*G127,"") -> 0 | M127: =IF($E127="Méca",I127*G127+L127,"") | N127: =IF($E127="Calcul",I127*G127+L127,"") | O127: =IF($E127="Elec",I127*G127+L127,"") | AV127: 0 | AW127: =AV127-I127 -> 0
A128: CBE | E128: =IFERROR(VLOOKUP(D128,[1]Données!A:B,2,FALSE),"") | F128: =G128*H128 -> 0 | I128: =SUM(P128:AT128) -> 0 | J128: =IFERROR(I128/H128,"") | L128: =IFERROR((K128*1.25)*G128,"") -> 0 | M128: =IF($E128="Méca",I128*G128+L128,"") | N128: =IF($E128="Calcul",I128*G128+L128,"") | O128: =IF($E128="Elec",I128*G128+L128,"") | AV128: 0 | AW128: =AV128-I128 -> 0
A129: CBE | E129: =IFERROR(VLOOKUP(D129,[1]Données!A:B,2,FALSE),"") | F129: =G129*H129 -> 0 | I129: =SUM(P129:AT129) -> 0 | J129: =IFERROR(I129/H129,"") | L129: =IFERROR((K129*1.25)*G129,"") -> 0 | M129: =IF($E129="Méca",I129*G129+L129,"") | N129: =IF($E129="Calcul",I129*G129+L129,"") | O129: =IF($E129="Elec",I129*G129+L129,"") | AV129: 0 | AW129: =AV129-I129 -> 0
A130: CBE | E130: =IFERROR(VLOOKUP(D130,[1]Données!A:B,2,FALSE),"") | F130: =G130*H130 -> 0 | I130: =SUM(P130:AT130) -> 0 | J130: =IFERROR(I130/H130,"") | L130: =IFERROR((K130*1.25)*G130,"") -> 0 | M130: =IF($E130="Méca",I130*G130+L130,"") | N130: =IF($E130="Calcul",I130*G130+L130,"") | O130: =IF($E130="Elec",I130*G130+L130,"") | AV130: 0 | AW130: =AV130-I130 -> 0
A131: CBE | E131: =IFERROR(VLOOKUP(D131,[1]Données!A:B,2,FALSE),"") | F131: =G131*H131 -> 0 | I131: =SUM(P131:AT131) -> 0 | J131: =IFERROR(I131/H131,"") | L131: =IFERROR((K131*1.25)*G131,"") -> 0 | M131: =IF($E131="Méca",I131*G131+L131,"") | N131: =IF($E131="Calcul",I131*G131+L131,"") | O131: =IF($E131="Elec",I131*G131+L131,"") | AV131: 0 | AW131: =AV131-I131 -> 0
...
